tag,x,y
bluetest,-0.49454098793611967,-0.0012221093320687216
bluetest,-0.49461658864842656,-0.0012715986319866664
